id,brandName,productName,price,image_url,discount
4767374,아디다스,(무신사 단독) 와플 BB 트랙탑  - 원더화이트 / JV9263,119000,https://image.msscdn.net/images/goods_img/20250207/4767374/4767374_17405511510275_500.jpg,0
4722775,미우미우,보 토트백 - 코냑 / 5BB1172CRWF0046,3997990,https://image.msscdn.net/images/goods_img/20250115/4722775/4722775_17388081751692_500.jpg,19
4680101,나이키,샥스 R4 M - 메탈릭 실버:블랙:피칸테 레드:메탈릭 실버 / HQ1988-002,179000,https://image.msscdn.net/images/goods_img/20241224/4680101/4680101_17358720182967_500.jpg,0
4683119,레더리,후크 트위드 자켓 [BLACK],120700,https://image.msscdn.net/images/goods_img/20241227/4683119/4683119_17367413395005_500.jpg,15
4790520,아디다스,(무신사 단독) 와플 반팔 폴로 셔츠 - 블랙 / JV9266,59000,https://image.msscdn.net/images/goods_img/20250214/4790520/4790520_17405506828338_500.jpg,0
4584153,노드유,소프트 헨리넥 라운드 긴팔 니트 [블랙],29990,https://image.msscdn.net/images/goods_img/20241104/4584153/4584153_17306774298955_500.jpg,41
4794625,아크테릭스,델타 자켓 남성 - BLACK / AJPSM09165,313500,https://image.msscdn.net/images/goods_img/20250217/4794625/4794625_17404593187567_500.jpg,5
4376737,더블유브이프로젝트,더프 헤링턴 자켓 브라운 JJOT7732,78900,https://image.msscdn.net/images/goods_img/20240827/4376737/4376737_17247559627478_500.jpg,25
4741660,살로몬,XT-위스퍼_L47762000,210000,https://image.msscdn.net/images/goods_img/20250123/4741660/4741660_17383056875275_500.jpeg,0
4759905,아디다스,베켄바우어 트랙탑 - 원더화이트:트레이스브라운 / JC5807,83990,https://image.msscdn.net/images/goods_img/20250205/4759905/4759905_17388279905346_500.jpg,20
4556448,스켈리웩,벌룬핏 스웨트 팬츠[브라운],27990,https://image.msscdn.net/images/goods_img/20241024/4556448/4556448_17321870185571_500.jpg,53
4372315,롤라로즈,Ms Lola 화이트 오팔 큐빅인덱스 사각시계,519000,https://image.msscdn.net/images/goods_img/20240826/4372315/4372315_17249428436888_500.jpg,0
4768974,팬시클럽,엔젤 빈티지 워싱 핀턱팬츠 (BLUE) F25QD891,106250,https://image.msscdn.net/images/goods_img/20250207/4768974/4768974_17400265707427_500.jpg,15
4743680,로맨틱무브,레일로드 워커 R25M300 (오일 빈티지브라운),179000,https://image.msscdn.net/images/goods_img/20250124/4743680/4743680_17403885311003_500.jpg,25
4409450,아디다스,도쿄 - 블랙 / JI0183,139000,https://image.msscdn.net/images/goods_img/20240905/4409450/4409450_17259300928016_500.jpg,0
4727091,뉴발란스,NBPDFS111S / MR530LG (SILVER),129000,https://image.msscdn.net/images/goods_img/20250117/4727091/4727091_17370880155580_500.jpg,0
4572597,브론슨,9 oz Wabash Vent Hole Work Shirt,66600,https://image.msscdn.net/images/goods_img/20241030/4572597/4572597_17302551201207_500.jpg,10
4727100,뉴발란스,NBPDFS112G / MR530CK (GRAY),139000,https://image.msscdn.net/images/goods_img/20250117/4727100/4727100_17370881689282_500.jpg,0
4703161,나이키,코르테즈 SE W - 세일:코코넛 밀크:메탈릭 실버:검 미디엄 브라운 / HV6936-133,129000,https://image.msscdn.net/images/goods_img/20250107/4703161/4703161_17364967313059_500.jpg,0
4421709,맨인스토어 프로덕트,피그먼트 헤비 스웨트 후디_Charcoal,64900,https://image.msscdn.net/images/goods_img/20240909/4421709/4421709_17367435119776_500.jpg,35
4718369,잔스포츠,비욘드팩 BLACK,49000,https://image.msscdn.net/images/goods_img/20250114/4718369/4718369_17386461594715_500.jpg,0
4498312,에스피오나지,Standard Varsity Jacket NS Black,163000,https://image.msscdn.net/images/goods_img/20241008/4498312/4498312_17286158569727_500.jpg,50
4659209,톰브라운,V넥 가디건 - 다크 그레이 / MKC002AY1014022,823990,https://image.msscdn.net/images/goods_img/20241210/4659209/4659209_17346826000224_500.jpg,55
4736362,아웃스탠딩,CHAIN STITCH DRIZZLER JACKET_OLIVE,119200,https://image.msscdn.net/images/goods_img/20250122/4736362/4736362_17391866890948_500.jpg,20
4670314,맥끌라니,멜다 숄더백,72900,https://image.msscdn.net/images/goods_img/20241217/4670314/4670314_17344206743482_500.jpg,31
4730345,아디다스,알파리스폰스 1.0 슬라이드 - 블랙:화이트 / JP5437,39990,https://image.msscdn.net/images/goods_img/20250120/4730345/4730345_17374484301168_500.jpg,32
4743718,필루미네이트,[SET]심볼 사이드 트랙 셋업-블랙,55990,https://image.msscdn.net/images/goods_img/20250124/4743718/4743718_17396921961529_500.jpg,53
4556449,스켈리웩,벌룬핏 스웨트 팬츠[라이트그레이],34900,https://image.msscdn.net/images/goods_img/20241024/4556449/4556449_17321869362124_500.jpg,41
4629644,카키포인트,Antique Tweed Jacket (black),222300,https://image.msscdn.net/images/goods_img/20241121/4629644/4629644_17321913808802_500.jpg,10
4358712,캠핑칸,버블쉘터,2380000,https://image.msscdn.net/images/goods_img/20240822/4358712/4358712_17243109055987_500.jpg,0
4769007,쿠어,MK-3 플라이트 점퍼 (올리브카키),243000,https://image.msscdn.net/images/goods_img/20250207/4769007/4769007_17389159715082_500.jpg,10
4739382,아디다스,(무신사 단독) 재팬 - 크림화이트:루비 / JR0557,149000,https://image.msscdn.net/images/goods_img/20250123/4739382/4739382_17389072020863_500.jpg,0
4564862,멜리언스,실리콘 진동 클렌저,41900,https://image.msscdn.net/images/goods_img/20241028/4564862/4564862_17315454078643_500.jpg,30
4556447,스켈리웩,벌룬핏 스웨트 팬츠[블랙],34900,https://image.msscdn.net/images/goods_img/20241024/4556447/4556447_17321832757692_500.jpg,41
4401807,밀로 우먼,링클 져지 셔츠 [에크루],78400,https://image.msscdn.net/images/goods_img/20240904/4401807/4401807_17259584739959_500.jpg,20
4503695,칼린,메가 코지 4colors_H74114010,102000,https://image.msscdn.net/images/goods_img/20241010/4503695/4503695_17309461755164_500.jpg,15
4584154,노드유,소프트 헨리넥 라운드 긴팔 니트 [베이지],38250,https://image.msscdn.net/images/goods_img/20241104/4584154/4584154_17306775620945_500.jpg,25
4629700,카키포인트,Antique Crop Tweed Jacket (ivory),207900,https://image.msscdn.net/images/goods_img/20241121/4629700/4629700_17321888901998_500.jpg,10
4730355,아디다스,핸드볼 스페지알 - 블랙 / IE3402,92990,https://image.msscdn.net/images/goods_img/20250120/4730355/4730355_17374477177574_500.jpg,38
4752638,퍼글러,피규어 랜덤키링,11400,https://image.msscdn.net/images/goods_img/20250203/4752638/4752638_17385700907978_500.jpg,5
4621222,다슈,[가스 스프레이 증정] 뿌리 볼륨 데일리 볼륨픽,14500,https://image.msscdn.net/images/goods_img/20241118/4621222/4621222_17403697646964_500.jpg,52
4411491,와일드 브릭스,ANP WOOL LIBRARY BLAZER (charcoal),298000,https://image.msscdn.net/images/goods_img/20240905/4411491/4411491_17259585021833_500.jpg,0
4336057,아디다스,파이어버드 배기 트랙 팬츠 - 블랙 / IZ4801,106990,https://image.msscdn.net/images/goods_img/20240816/4336057/4336057_17242237807067_500.jpg,10
4262843,아웃스탠딩,[MUT lab] W.W. II SELVEDGE DENIM 1ST JACKET_INDIGO,143100,https://image.msscdn.net/images/goods_img/20240719/4262843/4262843_17374209540766_500.jpg,10
4350948,미세키서울,Layered skirt pants set BLACK,187200,https://image.msscdn.net/images/goods_img/20240821/4350948/4350948_17260331837026_500.jpg,10
4671567,디미트리블랙,2WAY 페이드 워싱 디트로이트 스웨이드 자켓_블랙,59900,https://image.msscdn.net/images/goods_img/20241218/4671567/4671567_17352614353594_500.jpg,25
4684032,더콜디스트모먼트,TCM at hooded zip-up (black),107100,https://image.msscdn.net/images/goods_img/20241230/4684032/4684032_17370174832367_500.jpg,10
4793690,아디다스,(무신사 단독) 와플 BB 트랙탑 - 블랙 / JV9264,119000,https://image.msscdn.net/images/goods_img/20250217/4793690/4793690_17398591741999_500.jpg,0
4345043,디스이즈네버댓,T-Logo Hoodie Heather Grey,66500,https://image.msscdn.net/images/goods_img/20240820/4345043/4345043_17248088394803_500.jpg,30
4452600,아식스,(무신사 단독) 젤-1130 - 스모크 그레이:자바 / 1203A708-020,119000,https://image.msscdn.net/images/goods_img/20240923/4452600/4452600_17278524274623_500.jpg,0
4392537,노스페이스,NJ3BQ60J 화이트라벨 마티스 EX 자켓_BLACK,178000,https://image.msscdn.net/images/goods_img/20240902/4392537/4392537_17252451645946_500.jpg,0
4702360,드로우핏,페이드 다잉 코튼 블루종 자켓 [CHARCOAL],139200,https://image.msscdn.net/images/goods_img/20250107/4702360/4702360_17369181259332_500.jpg,20
4790500,나이키,보메로 18 M - 서밋 화이트:더스티 캑터스:지오드 틸:블랙 / HM6803-103,179000,https://image.msscdn.net/images/goods_img/20250214/4790500/4790500_17397560160158_500.jpg,0
4449662,보테가베네타,타이 숄더백 - 블랙 / 690503V48I18803,1991990,https://image.msscdn.net/images/goods_img/20240920/4449662/4449662_17282949592211_500.jpg,37
4723172,러브이즈트루,IM POCKET TRANING PANTS(CHARCOAL),74400,https://image.msscdn.net/images/goods_img/20250115/4723172/4723172_17369330727182_500.jpg,20
4760085,플랙,BUSINESS B05 022 TAPERED ONE WASHING,79000,https://image.msscdn.net/images/goods_img/20250205/4760085/4760085_17389010296179_500.jpg,39
4467373,브렌슨,B. 스트링 와이드 벌룬 핏 스웨트 팬츠 ( 5Color ),36900,https://image.msscdn.net/images/goods_img/20240926/4467373/4467373_17301819286882_500.jpg,20
4463004,나이키,ACG 써마 핏 플리스 풀오버 후디 M - 라이트 오어우드 브라운:하이퍼 크림슨 / DH3088-104,125100,https://image.msscdn.net/images/goods_img/20240925/4463004/4463004_17331921255994_500.jpg,10
4372314,롤라로즈,Ms Lola 블랙 샌드스톤 투톤 데일리워치,519000,https://image.msscdn.net/images/goods_img/20240826/4372314/4372314_17249429382904_500.jpg,0
4711529,시즈,[데일리룸 X 시즈] 오디너리 크롭 스트라이프 셔츠 [WHITE] 단품/SET,59200,https://image.msscdn.net/images/goods_img/20250110/4711529/4711529_17373584397312_500.jpg,20
4678758,노스페이스,NM2DR00J 화이트라벨 슈퍼팩 엔_BLACK,161100,https://image.msscdn.net/images/goods_img/20241223/4678758/4678758_17349379926022_500.jpg,10
4752550,언탭트 스튜디오,오버핏 케이블 라운드 니트 가디건 4Color,39900,https://image.msscdn.net/images/goods_img/20250203/4752550/4752550_17385831445336_500.jpg,30
4539031,송지오,송지오옴므 DC 컬렉션 DC유니버스 바시티 점퍼 블랙 SG5JP530BK,1795500,https://image.msscdn.net/images/goods_img/20241021/4539031/4539031_17294890180633_500.jpg,5
4741234,분크,Hey Double Pocket Hobo M (헤이 더블 포켓 호보 미듐)_2colors,235000,https://image.msscdn.net/images/goods_img/20250123/4741234/4741234_17398609450659_500.jpg,0
4761000,노이어,스웨이드 테일러드 자켓 (브라운),220500,https://image.msscdn.net/images/goods_img/20250205/4761000/4761000_17393212646190_500.jpg,10
4425073,테이크이지,빈티지 오버 듀플린 체크 셔츠 (차콜),39200,https://image.msscdn.net/images/goods_img/20240910/4425073/4425073_17273390280319_500.jpg,20
4238000,뉴발란스,NBPDFS106W / MR530SG (WHITE),119000,https://image.msscdn.net/images/goods_img/20240708/4238000/4238000_17204187108170_500.jpg,0
4671560,디미트리블랙,VLAD 스트라이프 로고 후드 집업_블랙&그레이,38900,https://image.msscdn.net/images/goods_img/20241218/4671560/4671560_17352617287644_500.jpg,22
4428491,마우솔레움,젠 수트 자켓 드레스-블랙,153300,https://image.msscdn.net/images/goods_img/20240910/4428491/4428491_17272315987188_500.jpg,30
4795202,리바이스,타입 II 트러커 자켓_A7632-0000,149000,https://image.msscdn.net/images/goods_img/20250217/4795202/4795202_17397769060801_500.jpg,0
4341135,생로랑,미니 카상드르 프라그망 지퍼 카드 홀더 - 블랙 / 629899AAC681000,460990,https://image.msscdn.net/images/goods_img/20240819/4341135/4341135_17254129718636_500.jpg,27
4727515,레더리,글로시 나일론 버킷 백팩 [BLACK],80750,https://image.msscdn.net/images/goods_img/20250117/4727515/4727515_17397575614659_500.jpg,15
4714923,나이키,샥스 TL W - 라이트 실버:라이트 아미:화이트 / AR3566-006,209000,https://image.msscdn.net/images/goods_img/20250113/4714923/4714923_17370867859885_500.jpg,0
4762099,수아레 우먼,(WOMEN)WOOL WASHABLE ROUND CARDIGAN - 10 COLOR,58750,https://image.msscdn.net/images/goods_img/20250206/4762099/4762099_17405558601124_500.jpg,31
4671224,브이티코스메틱,VT R5 퍼밍 앰플 30ml (피디알엔),25000,https://image.msscdn.net/images/goods_img/20241218/4671224/4671224_17344914760404_500.jpg,0
4506435,르몽생미셸,(M)Genuine Lmsm Work Jacket_Blue,438000,https://image.msscdn.net/images/goods_img/20241011/4506435/4506435_17294736198014_500.jpg,0
4360670,리트리버클럽,LIL RABBIT DENIM [INDIGO BLACK],49000,https://image.msscdn.net/images/goods_img/20240822/4360670/4360670_17352652730555_500.jpg,50
4798119,스파이더,25 한화이글스 어센틱 원정 유니폼 네이비 (마킹) SBKPCNRS502MNVY,168000,https://image.msscdn.net/images/goods_img/20250218/4798119/4798119_17398460102883_500.jpg,0
4668838,커버낫,라이트 스트링 백팩 블랙,102900,https://image.msscdn.net/images/goods_img/20241216/4668838/4668838_17399468130964_500.jpg,20
4743503,알리스,워시드 와이드 치노 팬츠 [베이지],66400,https://image.msscdn.net/images/goods_img/20250124/4743503/4743503_17385622198747_500.jpg,20
4702438,아디다스,파이어버드 니트 탑 - 트레이스브라운 / JD4604,75990,https://image.msscdn.net/images/goods_img/20250107/4702438/4702438_17363209709916_500.jpg,30
4696789,토즈,T 타임리스 마이크로 T 숄더백 - 블랙 / XBWTTTC0000RORB999,1568990,https://image.msscdn.net/images/goods_img/20250103/4696789/4696789_17368298451886_500.jpg,35
4374422,버블피스,노스텔지아 피그먼트 티셔츠_차콜,27300,https://image.msscdn.net/images/goods_img/20240827/4374422/4374422_17271470132104_500.jpg,30
4437980,키르시,클라우드 크롭 다운 [아이보리],79500,https://image.msscdn.net/images/goods_img/20240912/4437980/4437980_17289574376278_500.jpg,50
4595633,이스트게이트,[2-PACK] 컴포트 미드웨이트 스웨트셔츠,49980,https://image.msscdn.net/images/goods_img/20241107/4595633/4595633_17326496821021_500.jpg,49
4624276,셀인샷,EGF 알란테놀 리페어크림 70ml x 2개[총 140ml],38900,https://image.msscdn.net/images/goods_img/20241119/4624276/4624276_17320660563072_500.jpg,53
4743478,로맨틱무브,보울러 스니커즈 R25M200 (워싱 블랙),135500,https://image.msscdn.net/images/goods_img/20250124/4743478/4743478_17403886550027_500.jpg,24
4765309,247시리즈,KOMATSU 쉴드 파카 BLACK,199000,https://image.msscdn.net/images/goods_img/20250206/4765309/4765309_17388408031818_500.jpg,0
4436643,스탠드오일,Mushy Bag · 머쉬백,129000,https://image.msscdn.net/images/goods_img/20240912/4436643/4436643_17361248659250_500.jpg,0
4702401,드로우핏,울 프로트 집업 버튼 니트 [DARK BROWN],69300,https://image.msscdn.net/images/goods_img/20250107/4702401/4702401_17369924144011_500.jpg,10
4757437,커스텀어클락,소프트 베이직 라운드 가디건 블랙 COOSCD020BLACK,35400,https://image.msscdn.net/images/goods_img/20250204/4757437/4757437_17389075612592_500.jpg,40
4743678,로맨틱무브,레일로드 워커 R25M300 (오일 빈티지 탄),179000,https://image.msscdn.net/images/goods_img/20250124/4743678/4743678_17403885756635_500.jpg,25
4584227,매고렌 서울,Drowning 루즈핏 레글런 롱슬리브 베이지,44650,https://image.msscdn.net/images/goods_img/20241104/4584227/4584227_17321678991389_500.jpg,5
4702031,리덴스,리덴스 톤앤스팟 코렉터 앰플 30ml,19930,https://image.msscdn.net/images/goods_img/20250107/4702031/4702031_17362248830020_500.jpg,13
4531994,스파오,베이직 푸퍼_SPJPF11C11,34950,https://image.msscdn.net/images/goods_img/20241018/4531994/4531994_17377006727436_500.jpg,50
4588812,가니,보일드 울 미디 재킷 - 스카이 캡틴 / F9712683,371990,https://image.msscdn.net/images/goods_img/20241105/4588812/4588812_17319210834594_500.jpg,52
4706590,비터셀즈,스타 아플리케 후드집업-블랙,69420,https://image.msscdn.net/images/goods_img/20250109/4706590/4706590_17394953151401_500.jpg,22
4342389,고스트리퍼블릭,심볼 로고 트랙 폴로 맨투맨 GMT-156,34500,https://image.msscdn.net/images/goods_img/20240819/4342389/4342389_17258428509914_500.jpg,25
4812659,론론,HEART POCKET CARGO PANTS MEDIUM BLUE,88000,https://image.msscdn.net/images/goods_img/20250220/4812659/4812659_17405337877458_500.jpg,20
4751231,뉴발란스,NBPDFS144G / M1906REH (GRAY),179000,https://image.msscdn.net/images/goods_img/20250203/4751231/4751231_17385564956901_500.jpg,0
4790504,나이키,보메로 18 W - 서밋 화이트:코코넛 밀크:코코넛 밀크:블랙 / HM6804-101,179000,https://image.msscdn.net/images/goods_img/20250214/4790504/4790504_17397560819226_500.jpg,0
4460904,라코스테,남성 코듀로이 카라 다운 [카키],363300,https://image.msscdn.net/images/goods_img/20240925/4460904/4460904_17321691728328_500.jpg,30
4808943,브라운야드,"워시드 필드 팬츠, 브라운",178000,https://image.msscdn.net/images/goods_img/20250220/4808943/4808943_17400154713495_500.jpg,0
4396346,글로니,TERRY PK LONG SLEEVE (BLACK),97200,https://image.msscdn.net/images/goods_img/20240903/4396346/4396346_17266717204370_500.jpg,10
4336062,아디다스,파이어버드 니트 탑 - 블랙 / IY7278,96990,https://image.msscdn.net/images/goods_img/20240816/4336062/4336062_17242236131024_500.jpg,11
4749837,론론,DOT PENDANT FRILL HOODIE WIND JUMPER BLACK,115200,https://image.msscdn.net/images/goods_img/20250202/4749837/4749837_17384891108997_500.jpg,20
4483959,나이키,레볼루션 7 M - 블랙:오프 누와르 / FB2207-005,71100,https://image.msscdn.net/images/goods_img/20241002/4483959/4483959_17295598336935_500.jpg,10
4640545,나이키,조던 에센셜 우븐 팬츠 M - 데저트 카모 / HF9329-257,85500,https://image.msscdn.net/images/goods_img/20241127/4640545/4640545_17332126419957_500.jpg,10
4757503,언탭트 스튜디오,워시드 스트레이트 데님 팬츠 4Color,29990,https://image.msscdn.net/images/goods_img/20250204/4757503/4757503_17392434585688_500.jpg,40
4344461,혼다 모터사이클,Honda Motorcycle Vegan leather Jacket Vintage Charcoal,119000,https://image.msscdn.net/images/goods_img/20240819/4344461/4344461_17253484320692_500.jpg,8
4731956,르꼬끄,PROUD 퍼텍스 메쉬자켓 - 블랙(QQ123LJK21),170050,https://image.msscdn.net/images/goods_img/20250121/4731956/4731956_17403737259335_500.jpg,5
4498316,유니온스튜디오,스트링 와이드 스웨트 팬츠 ( 3Color ),25900,https://image.msscdn.net/images/goods_img/20241008/4498316/4498316_17283725082128_500.jpg,10
4752353,아디다스,재팬 JH5434,169000,https://image.msscdn.net/images/goods_img/20250203/4752353/4752353_17385679579132_500.jpg,0
4473326,던스트 포 우먼,UNISEX HANDMADE COLLARED ZIP-UP BLOUSON CHARCOAL GREY_UDJU4D124CG,179400,https://image.msscdn.net/images/goods_img/20240927/4473326/4473326_17278753060288_500.jpg,40
4798207,아캄,CROS2 Washed Denim Pants (Black),179100,https://image.msscdn.net/images/goods_img/20250218/4798207/4798207_17405557280013_500.jpg,10
4845075,노앙,LONELY/LOVELY DAMAGE SWEATSHIRT LIGHT GRAY,168000,https://image.msscdn.net/images/goods_img/20250228/4845075/4845075_17406785560024_500.jpg,0
4342386,고스트리퍼블릭,심볼 로고 래글런 트랙 맨투맨 GMT-155,32700,https://image.msscdn.net/images/goods_img/20240819/4342386/4342386_17340575507419_500.jpg,25
4355515,스컬프터,Bad Seed Washed Hoodie Zip-Up Charcoal,97300,https://image.msscdn.net/images/goods_img/20240821/4355515/4355515_17302569001970_500.jpg,30
4648367,아디다스,(무신사 단독) 캠퍼스 00s - 브라운 / JH7605,110990,https://image.msscdn.net/images/goods_img/20241203/4648367/4648367_17334486216218_500.jpg,20
4336486,오헤시오,"DOT BACKPACK, NAVY",165000,https://image.msscdn.net/images/goods_img/20240816/4336486/4336486_17253333910427_500.jpg,0
4464347,이알티알,Reversible Hoodie Zip-Up Check Blue,159200,https://image.msscdn.net/images/goods_img/20240925/4464347/4464347_17276718516289_500.jpg,20
4819406,노운,waffle henleynecklong sleeves (melange grey),62100,https://image.msscdn.net/images/goods_img/20250221/4819406/4819406_17406292396241_500.jpg,10
4741235,분크,Hey Double Pocket Backpack L (헤이 더블 포켓 백팩 라지)_3colors,255000,https://image.msscdn.net/images/goods_img/20250123/4741235/4741235_17398609353280_500.jpg,0
4470122,아디다스,태권도  레이스 - 화이트:블랙 / JS1194,104990,https://image.msscdn.net/images/goods_img/20240927/4470122/4470122_17278445088113_500.jpg,19
4406512,스컬프터,Shirring Tennis Shirt Navy/Green Stripe,64600,https://image.msscdn.net/images/goods_img/20240904/4406512/4406512_17326018998599_500.jpg,15
4431870,오피쉬,"와이드 레오파드 팬츠, 챠콜",76300,https://image.msscdn.net/images/goods_img/20240911/4431870/4431870_17262100867609_500.jpg,30
4624422,와키윌리,메쉬 스트링 백팩 블랙,76300,https://image.msscdn.net/images/goods_img/20241119/4624422/4624422_17327804284931_500.jpg,30
4668949,무르,누오보백(8color),100500,https://image.msscdn.net/images/goods_img/20241217/4668949/4668949_17352715649463_500.jpg,25
4738346,피지컬 에듀케이션 디파트먼트,체크 스타테일 엘보우 패치 후드집업_블랙,80100,https://image.msscdn.net/images/goods_img/20250122/4738346/4738346_17401202176765_500.jpg,10
4757338,커스텀어클락,소프트 베이직 라운드 가디건 차콜 COOSCD020CHARCOAL,35400,https://image.msscdn.net/images/goods_img/20250204/4757338/4757338_17389077511401_500.jpg,40
4609642,리메인세컨드,오버핏 볼륨 워셔블 니트 패키지_4STYLE,9900,https://image.msscdn.net/images/goods_img/20241113/4609642/4609642_17388240346478_500.jpg,70
4832984,오드타입,스킨 싱크 업 쿠션 2타입 (본품+리필),35100,https://image.msscdn.net/images/goods_img/20250225/4832984/4832984_17407184030475_500.jpg,10
4586087,마미케어,EMS 브이쎄라 경락 디바이스(+전용파우치 증정),99000,https://image.msscdn.net/images/goods_img/20241104/4586087/4586087_17406374429520_500.png,51
4735306,디스이즈네버댓,SP Backpack 29 Black,149000,https://image.msscdn.net/images/goods_img/20250122/4735306/4735306_17386539511671_500.jpg,0
4629256,컬럼비아,공용 레드우드 30L 뉴 플러스 백팩,149000,https://image.msscdn.net/images/goods_img/20241121/4629256/4629256_17364928467955_500.jpg,0
4703101,나이키,P-6000 M - 화이트:메탈릭 실버:블랙:블랙 / CD6404-107,139000,https://image.msscdn.net/images/goods_img/20250107/4703101/4703101_17364934037691_500.jpg,0
4447527,언탭트 스튜디오,소프트 베이직 퍼 플리스 집업 자켓 3color,23540,https://image.msscdn.net/images/goods_img/20240920/4447527/4447527_17297527898175_500.jpg,45
4507921,뉴발란스,NBNPE4W102 / WOMEN 액티브 숏 구스다운 (6컬러),299000,https://image.msscdn.net/images/goods_img/20241011/4507921/4507921_17309514460618_500.jpg,0
4718332,타미힐피거,스트라이프 럭비 니트 (T12F0KPO330MT1DW5),299000,https://image.msscdn.net/images/goods_img/20250114/4718332/4718332_17376896032128_500.jpg,0
4798367,아캄,Laced CROS2 Patch Sweatpants (Gray),146700,https://image.msscdn.net/images/goods_img/20250218/4798367/4798367_17400840671466_500.jpg,10
4678076,르메메,Sac Jour_3colors,298000,https://image.msscdn.net/images/goods_img/20241223/4678076/4678076_17364997111730_500.jpg,0
4725441,플랙,ESSENTIAL E03 022 STRAIGHT MID BLUE,59000,https://image.msscdn.net/images/goods_img/20250116/4725441/4725441_17370159073950_500.jpg,34
4755834,애즈온,WISH RIBBED BUTTON TEE / IVORY,45600,https://image.msscdn.net/images/goods_img/20250204/4755834/4755834_17392416129512_500.jpg,5
4696321,낫온리포투데이,넘버볼 후드티 [버건디],55300,https://image.msscdn.net/images/goods_img/20250103/4696321/4696321_17367396670617_500.jpg,30
4371211,오드스튜디오,스포티 트랙 세미 크롭 니트 집업 - CHARCOAL,55300,https://image.msscdn.net/images/goods_img/20240826/4371211/4371211_17361422998163_500.jpg,38
4424539,낫온리포투데이,NOFT 패치워크 맨투맨 [네이비],55300,https://image.msscdn.net/images/goods_img/20240910/4424539/4424539_17298206845480_500.jpg,30
4659121,톰브라운,코튼 크레이프 V-넥 4-바 가디건 - 네이비 / FKC207A00219415,1072990,https://image.msscdn.net/images/goods_img/20241210/4659121/4659121_17349131417612_500.jpg,55
4798306,스파이더,25 한화이글스 어센틱 홈 유니폼 화이트 (노마킹)  SBKPCNRS501MWHT,143000,https://image.msscdn.net/images/goods_img/20250218/4798306/4798306_17398473414109_500.jpg,0
4459709,일리고,스터드 후드 집업 블랙,69000,https://image.msscdn.net/images/goods_img/20240924/4459709/4459709_17276898342946_500.jpg,30
4731355,제너럴아이디어,스트랩 레이어드 가디건 [CHARCOAL] / WBE1L04506,54000,https://image.msscdn.net/images/goods_img/20250120/4731355/4731355_17374235324672_500.jpg,32
4629664,카키포인트,Antique Tweed Jacket (ivory),222300,https://image.msscdn.net/images/goods_img/20241121/4629664/4629664_17321914730101_500.jpg,10
4593352,플레이스 스튜디오,슬림핏 베이직 윈터 티어드 밴딩 롱 캉캉스커트 [화이트],26200,https://image.msscdn.net/images/goods_img/20241106/4593352/4593352_17308779637311_500.jpg,38
4371006,나이키,스포츠웨어 클럽 프렌치 테리 크루 M - 다크 그레이 헤더:화이트 / BV2667-063,67500,https://image.msscdn.net/images/goods_img/20240826/4371006/4371006_17255868291715_500.jpg,10
4813653,디스이즈네버댓,Flannel Check Shirt Blue,139000,https://image.msscdn.net/images/goods_img/20250220/4813653/4813653_17400439149250_500.jpg,0
4798041,스파이더,25 한화이글스 어센틱 홈 유니폼 오렌지 (마킹) SBKPCNRS501MORG,168000,https://image.msscdn.net/images/goods_img/20250218/4798041/4798041_17398454363335_500.jpg,0
4716745,버버리,EKD 울 캐시미어 니트 - 블랙 / 8101952,1033990,https://image.msscdn.net/images/goods_img/20250113/4716745/4716745_17374205159825_500.jpg,35
4741662,살로몬,XT-6 GTX_L47450600,280000,https://image.msscdn.net/images/goods_img/20250123/4741662/4741662_17383050261257_500.jpeg,0
4778561,살로몬,XT-4 OG_L47568400,280000,https://image.msscdn.net/images/goods_img/20250211/4778561/4778561_17393394448610_500.jpeg,0
4702387,드로우핏,어베인 울 크롭 니트 가디건 [MELANGE GREY],62100,https://image.msscdn.net/images/goods_img/20250107/4702387/4702387_17369922421676_500.jpg,10
4462349,분크,Toque Hermit Cross S (토크 헐밋 크로스 스몰)_3colors,215000,https://image.msscdn.net/images/goods_img/20240925/4462349/4462349_17355307920711_500.jpg,0
4478513,시에클,컴포트 브이넥 가디건 (블랙),135200,https://image.msscdn.net/images/goods_img/20240930/4478513/4478513_17276909665248_500.jpg,20
4292636,리플라이퍼키,HT8618 웨어에버 와이드 데님 (OKHOTSK),36800,https://image.msscdn.net/images/goods_img/20240802/4292636/4292636_17253636023652_500.jpg,37
4299999,에이지오디,오버핏 비건 레더 자켓 [블랙],37300,https://image.msscdn.net/images/goods_img/20240806/4299999/4299999_17278352716062_500.jpg,40
4668951,무르,누오보백 미니(8color),87000,https://image.msscdn.net/images/goods_img/20241217/4668951/4668951_17352715264665_500.jpg,25
4721645,브룩스 브라더스,24FW 이태리 TEXCO社 캐시미어 100 발마칸 코트,990000,https://image.msscdn.net/images/goods_img/20250115/4721645/4721645_17370079112966_500.jpg,0
4629685,카키포인트,Antique Crop Tweed Jacket (black),207900,https://image.msscdn.net/images/goods_img/20241121/4629685/4629685_17321889067063_500.jpg,10
4380185,인템포무드,리브드 스웨트 헨리넥 : 3컬러,43200,https://image.msscdn.net/images/goods_img/20240828/4380185/4380185_17254195773376_500.jpg,10
4473287,던스트 포 우먼,ALPACA HALF MAC COAT BUTTER_UDCO4D234Y1,263200,https://image.msscdn.net/images/goods_img/20240927/4473287/4473287_17278754358070_500.jpg,20
4808299,디키즈,투 턱 라이트 나일론 팬츠 Black,84600,https://image.msscdn.net/images/goods_img/20250220/4808299/4808299_17405290084806_500.jpg,5
4743479,로맨틱무브,보울러 스니커즈 R25M200 (리얼브라운 스웨이드),135500,https://image.msscdn.net/images/goods_img/20250124/4743479/4743479_17403885992961_500.jpg,24
4768372,썸플레이스,레이어드 플리츠 미니스커트 스트링 팬츠 코튼 셋업[블랙],39900,https://image.msscdn.net/images/goods_img/20250207/4768372/4768372_17394374516018_500.jpg,30
4372762,머드솔트,케이블 헨리넥 니트 차콜,73575,https://image.msscdn.net/images/goods_img/20240827/4372762/4372762_17249083525718_500.jpg,25
4390860,쿠어,에코 스웨이드 쓰리 버튼 블레이저 (다크브라운),279000,https://image.msscdn.net/images/goods_img/20240831/4390860/4390860_17392625120270_500.jpg,10
4819286,노운,curved denim pants (black),124200,https://image.msscdn.net/images/goods_img/20250221/4819286/4819286_17406227692202_500.jpg,10
4757410,커스텀어클락,소프트 베이직 라운드 가디건 그레이 COOSCD020GRAY,47200,https://image.msscdn.net/images/goods_img/20250204/4757410/4757410_17389076518943_500.jpg,20
4722784,골든구스,슈퍼스타 브라운 탭 레더 스니커즈 - 화이트 / GWF00102F00218210803,433990,https://image.msscdn.net/images/goods_img/20250115/4722784/4722784_17374469783901_500.jpg,40
4662864,무센트,그릭 레더 숄더백 남녀공용 (2컬러),39500,https://image.msscdn.net/images/goods_img/20241212/4662864/4662864_17339870528164_500.jpg,46
4331944,오헤시오,"BUCKLE BOMBER JACKET, WINE",248000,https://image.msscdn.net/images/goods_img/20240814/4331944/4331944_17255126024273_500.jpg,0
4762354,플레이스 스튜디오,투 버클 플리츠 미디 스커트 레이어드 와이드 팬츠 _2COLOR,46200,https://image.msscdn.net/images/goods_img/20250206/4762354/4762354_17388088693077_500.jpg,30
4812605,론론,STRIPE STITCH HEART POCKET OVER FIT SHIRT BLUE,79200,https://image.msscdn.net/images/goods_img/20250220/4812605/4812605_17404722122091_500.jpg,20
4736363,아웃스탠딩,CHAIN STITCH DRIZZLER JACKET_BLACK,119200,https://image.msscdn.net/images/goods_img/20250122/4736363/4736363_17391866002291_500.jpg,20
4585930,가까이 유니언즈,플레임 아플리케 피그먼트 후드집업 브라운,57400,https://image.msscdn.net/images/goods_img/20241104/4585930/4585930_17307074315429_500.jpg,30
4684037,그로브,LIDO SINGLE JACKET [2COLORS],235600,https://image.msscdn.net/images/goods_img/20241230/4684037/4684037_17405501869602_500.jpg,5
4261761,아웃스탠딩,[MUT lab] W.W.II SELVEDGE STRAIGHT PANTS_INDIGO,111600,https://image.msscdn.net/images/goods_img/20240719/4261761/4261761_17374245859509_500.jpg,10
4391224,엠엘비,청키라이너 누벅 NY (D.Mustard),139000,https://image.msscdn.net/images/goods_img/20240902/4391224/4391224_17252380156406_500.jpg,0
4793691,아디다스,(무신사 단독) 와플 숏 팬츠 - 블랙 / JV9268,75000,https://image.msscdn.net/images/goods_img/20250217/4793691/4793691_17398592171727_500.jpg,0
4347122,도프제이슨,[리뉴얼] 풀업 스웨이드 클래식 싱글 자켓 모카,140000,https://image.msscdn.net/images/goods_img/20240820/4347122/4347122_17253284523829_500.jpg,25
4734735,레더리,더블 스트랩 레이어드 슬리브리스 탑 세트 [WHITE],43350,https://image.msscdn.net/images/goods_img/20250121/4734735/4734735_17376925191733_500.jpg,15
4745692,낫포너드,Dagger Tribal Logo Hood Zip Up - Black,79000,https://image.msscdn.net/images/goods_img/20250124/4745692/4745692_17387216189583_500.jpg,20
4686088,내셔널지오그래픽,N252USD321 리플 V2 슬라이드 BLACK,29000,https://image.msscdn.net/images/goods_img/20241231/4686088/4686088_17356115915713_500.jpg,26
4342731,고스트리퍼블릭,심볼로고 배색 래글런 트랙 후드티 GHT-481,37400,https://image.msscdn.net/images/goods_img/20240819/4342731/4342731_17297383983482_500.jpg,25
4790311,무신사 스탠다드,R TRUNK LITE_27인치+트래블 파우치 4종 세트,227990,https://image.msscdn.net/images/goods_img/20250214/4790311/4790311_17399329097664_500.jpg,7
4833824,시에클,컴포트 데님 트러커 자켓 (인디고),227050,https://image.msscdn.net/images/goods_img/20250225/4833824/4833824_17404901034926_500.jpg,5
4307038,밈더워드로브,헬로 월드 LOVE 후드티_그레이,72250,https://image.msscdn.net/images/goods_img/20240807/4307038/4307038_17290490900950_500.jpg,15
4721695,아웃스탠딩,MIGHTY TIGER LOGO SWEAT_3%MELANGE GRAY,75600,https://image.msscdn.net/images/goods_img/20250115/4721695/4721695_17388919196167_500.jpg,10
4209444,무신사 스탠다드 우먼,우먼즈 신세틱 스웨이드 레이서 재킷 [블랙],107890,https://image.msscdn.net/images/goods_img/20240620/4209444/4209444_17295770168407_500.jpg,10
4426502,아루마루,아루마루 엠블럼 가디건 (그레이),219000,https://image.msscdn.net/images/goods_img/20240910/4426502/4426502_17261257556180_500.jpg,0
4683160,레더리,벌룬핏 와이드 데님 팬츠 [LIGHT BLUE],55250,https://image.msscdn.net/images/goods_img/20241227/4683160/4683160_17367614188589_500.jpg,15
4587753,난대,20수 스텐다드 핏 프리미엄 코튼 티셔츠,24500,https://image.msscdn.net/images/goods_img/20241105/4587753/4587753_17310541420099_500.jpg,26
4411580,로제프란츠,CanCan Ribbon Mini Skirt [White],51800,https://image.msscdn.net/images/goods_img/20240905/4411580/4411580_17255259015501_500.jpg,30
4719228,씨피 컴퍼니,플랫 나일론 미디움 재킷 - 블랙 / 18CMOW050A005991G999,792990,https://image.msscdn.net/images/goods_img/20250114/4719228/4719228_17375995528347_500.jpg,34
4466967,야세,141 스웨이드 처카 부츠 베이지,215100,https://image.msscdn.net/images/goods_img/20240926/4466967/4466967_17274063886319_500.jpg,10
4727938,아티드,라이트울 오버사이즈 블레이저 자켓_GREY,215100,https://image.msscdn.net/images/goods_img/20250117/4727938/4727938_17376790538524_500.jpg,10
4567942,론론,FRILL SHIRRING LONG SLEEVE T SHIRT WHITE,69300,https://image.msscdn.net/images/goods_img/20241029/4567942/4567942_17303463776340_500.jpg,10
4388024,더니트컴퍼니,[패션플래닛X더니트컴퍼니] 워셔블 코튼 크루넥 니트 12color,39900,https://image.msscdn.net/images/goods_img/20240830/4388024/4388024_17258834972522_500.jpg,30
4374403,마크곤잘레스,ANGEL APPLIQUE LIGHT DOWN CARDIGAN - BLACK,103200,https://image.msscdn.net/images/goods_img/20240827/4374403/4374403_17247345386741_500.jpg,20
4705583,엘무드,카발리 울 스트라이프 자켓 다크네이비,223200,https://image.msscdn.net/images/goods_img/20250108/4705583/4705583_17387203927940_500.jpg,10
4355517,스컬프터,Bad Seed Washed Hoodie Zip-Up Dusty Blue,97300,https://image.msscdn.net/images/goods_img/20240821/4355517/4355517_17302568863283_500.jpg,30
4757913,트릴리온,와플 링 스냅 헨리넥 롱 슬리브 [블랙],29800,https://image.msscdn.net/images/goods_img/20250204/4757913/4757913_17388174210742_500.jpg,22
4679425,키뮤어,비건 레더 워크 자켓_블랙,109000,https://image.msscdn.net/images/goods_img/20241224/4679425/4679425_17388918083714_500.jpg,16
4704342,지프,[360g] M-Logo 반집업 맨투맨 (JQ5TSU838LP),37000,https://image.msscdn.net/images/goods_img/20250108/4704342/4704342_17370777798301_500.jpg,50
4384975,솔트앤초콜릿,아콘 스니커즈 412430006 (6cm/2colors),96750,https://image.msscdn.net/images/goods_img/20240829/4384975/4384975_17260387397867_500.jpg,25
4616665,디젤,J-헬드 재킷 - 블랙 / A144080HCAS9XX,750000,https://image.msscdn.net/images/goods_img/20241115/4616665/4616665_17322463931588_500.jpg,0
4718796,꼼파뇨,[2-WAY] 이어스탠드 피그먼트 후드 집업 스모크블랙,40500,https://image.msscdn.net/images/goods_img/20250114/4718796/4718796_17368348847906_500.jpg,55
4423052,엔트로피 메이크업,브로우 컬러 애쉬 브라운,40500,https://image.msscdn.net/images/goods_img/20240909/4423052/4423052_17258892570213_500.png,10
4566692,언탭트 스튜디오,[SET UP]투턱 와이드 팬츠&오버핏 수트 정장 세트 2Color,99000,https://image.msscdn.net/images/goods_img/20241028/4566692/4566692_17303674491676_500.jpg,30
4363889,노이아고,NOI1388 나일론 데일리 백팩 (라이트그레이),69000,https://image.msscdn.net/images/goods_img/20240823/4363889/4363889_17249978818782_500.jpg,25
4761004,노이어,고트 스웨이드 블루종 (베이지),346500,https://image.msscdn.net/images/goods_img/20250205/4761004/4761004_17393212399149_500.jpg,10
4757426,커스텀어클락,소프트 베이직 라운드 가디건 네이비 COOSCD020NAVY,47200,https://image.msscdn.net/images/goods_img/20250204/4757426/4757426_17389076197074_500.jpg,20
4801783,엘이이와이,CHAIN SHOULDER BAG KHAKI,196200,https://image.msscdn.net/images/goods_img/20250218/4801783/4801783_17405297995733_500.jpg,10
4748335,칼린,키라 8colors_H75131010,63000,https://image.msscdn.net/images/goods_img/20250131/4748335/4748335_17385448825205_500.jpg,10
4584155,노드유,소프트 헨리넥 라운드 긴팔 니트 [네이비],29990,https://image.msscdn.net/images/goods_img/20241104/4584155/4584155_17306776977914_500.jpg,41
4711530,시즈,[데일리룸 X 시즈] 멀티 레일 크롭 스트라이프 셔츠 [WHITE] 단품/SET,62400,https://image.msscdn.net/images/goods_img/20250110/4711530/4711530_17373570169020_500.jpg,20
4458773,디젤 악세사리,DX1342040 피카부 D로고 펜던트 목걸이,190000,https://image.msscdn.net/images/goods_img/20240924/4458773/4458773_17271778535364_500.jpg,0
4845071,노앙,LONELY/LOVELY SALT WASHING HOODIE ZIP-UP INDIGO BLUE,208000,https://image.msscdn.net/images/goods_img/20250228/4845071/4845071_17406773269603_500.jpg,0
4754095,뉴발란스,NBP7FS149G / M2002RNM (GRAY),189000,https://image.msscdn.net/images/goods_img/20250204/4754095/4754095_17388274441472_500.jpg,0
4752674,아식스,젤-님버스 27 맨 스탠다드 - 블랙:그레이 / 1011B958-002,189000,https://image.msscdn.net/images/goods_img/20250203/4752674/4752674_17388204454344_500.jpg,0
4742088,러프사이드,Horizon Bomber Khaki Beige,328000,https://image.msscdn.net/images/goods_img/20250123/4742088/4742088_17404647412951_500.jpg,0
4394347,나이키,스포츠웨어 피닉스 플리스 하이웨이스트 와이드 레그 스웨트팬츠 W - 블랙:세일 / DQ5616-010,84150,https://image.msscdn.net/images/goods_img/20240902/4394347/4394347_17280181330860_500.jpg,11
4821463,네거티브쓰리,Asymmetry Sneakers_ Yellow Brown,188100,https://image.msscdn.net/images/goods_img/20250224/4821463/4821463_17403627264922_500.jpg,10
4505356,와일드 브릭스,TC ARGYLE MOHAIR CARDIGAN (grey),188000,https://image.msscdn.net/images/goods_img/20241010/4505356/4505356_17285535630025_500.jpg,0
4483970,나이키,솔로 스우시 풀집 후디 M - 블랙:화이트 / DR0404-010,114750,https://image.msscdn.net/images/goods_img/20241002/4483970/4483970_17289698673288_500.jpg,15
4771758,히에타,Masha / Brown,185300,https://image.msscdn.net/images/goods_img/20250210/4771758/4771758_17397623192777_500.jpg,15
4733712,이티씨이,CURVED PANEL DENIM PANTS (GRAY),185000,https://image.msscdn.net/images/goods_img/20250121/4733712/4733712_17392695319052_500.jpg,0
4446202,제이리움,[남녀공용] 메리노울 텍스쳐드 조거 니트 팬츠 아이보리,182160,https://image.msscdn.net/images/goods_img/20240919/4446202/4446202_17267412992800_500.jpg,8
4753369,에이프릴에잇,APR8 Original DOT HOODIE ZIP-UP [3Color],89000,https://image.msscdn.net/images/goods_img/20250203/4753369/4753369_17385927237520_500.jpg,31
4506373,아크시,루즈 워시드 벌룬핏 와이드 데님 팬츠 유니섹스 (블랙/블루),37910,https://image.msscdn.net/images/goods_img/20241011/4506373/4506373_17286071266028_500.jpg,5
4684039,더콜디스트모먼트,TCM stripe hooded zip-up (charcoal/burgundy),107100,https://image.msscdn.net/images/goods_img/20241230/4684039/4684039_17370152006411_500.jpg,10
4675656,뉴발란스,NBPFFS153T / 퓨어셀 레벨 V4 (남성 D) (IVORY),179000,https://image.msscdn.net/images/goods_img/20241220/4675656/4675656_17393447158296_500.jpg,0
4695681,엘이이와이,STUDDED ZIP-UP HOODIE OVERSIZED BLACK,178200,https://image.msscdn.net/images/goods_img/20250102/4695681/4695681_17368573413636_500.jpg,10
4409448,아디다스,도쿄 - 베이지:블랙 / JI0182,139000,https://image.msscdn.net/images/goods_img/20240905/4409448/4409448_17259301318908_500.jpg,0
4337389,도씨,실크핏 웬즈데이 긴팔 커플 잠옷 세트,29900,https://image.msscdn.net/images/goods_img/20240816/4337389/4337389_17361495670463_500.jpg,40
4694179,노이즈,나일론 빅 크로스 토트 백 - 블랙,87000,https://image.msscdn.net/images/goods_img/20250102/4694179/4694179_17373378068628_500.jpg,36
4361657,펜필드,SIGNATURE COTTON SPORTS JACKET BEIGE_FQ3WJ80U,175200,https://image.msscdn.net/images/goods_img/20240822/4361657/4361657_17252674384557_500.jpg,20
4342829,고스트리퍼블릭,카펜터 와이드 스웻팬츠 GLP-647,36900,https://image.msscdn.net/images/goods_img/20240819/4342829/4342829_17258437302073_500.jpg,20
4404603,리메인세컨드,2WAY_아란 워셔블 오버핏 케이블 후드 집업 니트 [아이보리],19900,https://image.msscdn.net/images/goods_img/20240904/4404603/4404603_17388217653794_500.jpg,60
4555856,모슈파모슈,레더 오버사이즈 스트링 자켓 [올리브],173000,https://image.msscdn.net/images/goods_img/20241024/4555856/4555856_17297607865421_500.jpg,30
4763138,플리즈노팔로우,Leopard Heart Logo Hoodie Zip-Up (Cream),172900,https://image.msscdn.net/images/goods_img/20250206/4763138/4763138_17388164438701_500.jpg,5
4754971,스파오,오버핏 옥스포드 셔츠_SPYWF23C51,32310,https://image.msscdn.net/images/goods_img/20250204/4754971/4754971_17388154389704_500.jpg,10
4725152,예일,투톤아치 후드_그레이,55300,https://image.msscdn.net/images/goods_img/20250116/4725152/4725152_17370095025574_500.jpg,30
4606423,아디다스,베켄바우어 트랙탑 - 브라운 / IY9879,83990,https://image.msscdn.net/images/goods_img/20241112/4606423/4606423_17315731467039_500.jpg,20
4551398,노스페이스,NM2DQ56A TNF 데이팩 M,83300,https://image.msscdn.net/images/goods_img/20241024/4551398/4551398_17297338124188_500.jpg,30
4313620,파브레가,바이퍼 스윙탑 자켓 (블랙),167400,https://image.msscdn.net/images/goods_img/20240809/4313620/4313620_17234424182166_500.jpg,10
4528066,페라로 밀라노,헤링본 라운드 스웨터 브라운(AM0ERD40657),167300,https://image.msscdn.net/images/goods_img/20241017/4528066/4528066_17291410389940_500.jpg,30
4467378,브렌슨,B. 오버핏 스웨트 후드 ( 5Color ),39900,https://image.msscdn.net/images/goods_img/20240926/4467378/4467378_17301819027628_500.jpg,20
4297610,무신사 스탠다드,데일리 푸퍼 미니멀 숏 패딩 재킷 [블랙],39890,https://image.msscdn.net/images/goods_img/20240805/4297610/4297610_17285477328900_500.jpg,50
4227337,무신사 스탠다드 우먼,우먼즈 딥 턱 베리어블 와이드 라운지 스웨트 팬츠 [블랙],39490,https://image.msscdn.net/images/goods_img/20240702/4227337/4227337_17260313135826_500.jpg,10
4790521,아디다스,데님 파이어버드 팬츠 - 블랙 / JC6718,129000,https://image.msscdn.net/images/goods_img/20250214/4790521/4790521_17398513299797_500.jpg,0
4409453,아디다스,도쿄 - 화이트:그린 / JP9705,129000,https://image.msscdn.net/images/goods_img/20240905/4409453/4409453_17259299165534_500.jpg,0
4616751,도프제이슨,크리즈 빈티지 무톤 봄버 BLACK,164250,https://image.msscdn.net/images/goods_img/20241115/4616751/4616751_17319963006662_500.jpg,30
4403731,프렌치시크,코스에그 자수 투웨이 니트집업 가디건,26820,https://image.msscdn.net/images/goods_img/20240904/4403731/4403731_17256178800641_500.jpg,10
4374819,로스트가든,UNIFORM Crepe Derby Beige,180000,https://image.msscdn.net/images/goods_img/20240827/4374819/4374819_17268131066920_500.jpg,20
4696079,글로니,KISSING U CREW NECK TEE (WHITE),52700,https://image.msscdn.net/images/goods_img/20250103/4696079/4696079_17384013291679_500.jpg,15
4662556,뉴발란스,NBP7EC754G/ ML2002RC (GRAY),179000,https://image.msscdn.net/images/goods_img/20241212/4662556/4662556_17339807526392_500.jpg,0
4791682,보테가베네타,인트레치아토 폴딩 반지갑 - 폰단테 / 743211VCPQ42145,599990,https://image.msscdn.net/images/goods_img/20250214/4791682/4791682_17404609277924_500.jpg,26
4643394,노스페이스,NJ1DQ54K 화이트라벨 퀀텀 엘버런 RDS 다운 자켓_GRAY,598000,https://image.msscdn.net/images/goods_img/20241129/4643394/4643394_17328600686374_500.jpg,0
4747686,락피쉬웨더웨어,SQUARE TOE TWO STRAP MARYJANES(ENAMEL) - 3 colors,79900,https://image.msscdn.net/images/goods_img/20250131/4747686/4747686_17401000673704_500.jpg,10
4757132,더엣지,25SS 링클프리 테일러드 보이핏 자켓,79900,https://image.msscdn.net/images/goods_img/20250204/4757132/4757132_17391551783188_500.jpg,0
4711493,시즈,미니멀 리파인드 울 블루종 자켓 [BLACK],161500,https://image.msscdn.net/images/goods_img/20250110/4711493/4711493_17367441778925_500.jpg,15
4241834,캘빈클라인 진,2color 남녀공용 CKJ 스피드 클립 유틸리티 플랩 백팩 35 4G3055G,161100,https://image.msscdn.net/images/goods_img/20240710/4241834/4241834_17285405367651_500.jpg,10
4369031,나이스고스트클럽,3STARS SWEAT JERSEY ZIP UP_CHARCOAL(NG2EFUM486A),79200,https://image.msscdn.net/images/goods_img/20240826/4369031/4369031_17248289268036_500.jpg,20
4640565,나이키,테크 윈드러너 우븐 풀집 재킷 M - 파라슈트 베이지:블랙 / HM7152-297,160650,https://image.msscdn.net/images/goods_img/20241127/4640565/4640565_17332119496257_500.jpg,15
4787018,그라미치,보이저 팬츠 Greige,160600,https://image.msscdn.net/images/goods_img/20250213/4787018/4787018_17400084094793_500.jpg,5
4726601,스노우피크 어패럴,캠플 스탠드넥 바람막이 (S25SMCWB12) Light Beige,160550,https://image.msscdn.net/images/goods_img/20250117/4726601/4726601_17388046847732_500.jpg,5
4809751,테디테일즈,포켓 플라워 레나베어 XS,79000,https://image.msscdn.net/images/goods_img/20250220/4809751/4809751_17400217331919_500.png,0
4443934,무신사 스탠다드 우먼,우먼즈 리브드 슬림 니트 후디드 집업 [네이비],51590,https://image.msscdn.net/images/goods_img/20240919/4443934/4443934_17308558668892_500.jpg,35
4623156,유니온블루,FOX WAFFLE SWEATER [IVORY],159600,https://image.msscdn.net/images/goods_img/20241119/4623156/4623156_17325810243717_500.jpg,5
4562726,아디다스,가젤 인도어 JI2063,159000,https://image.msscdn.net/images/goods_img/20241028/4562726/4562726_17300777540147_500.jpg,0
4649302,뉴발란스,NBGCFSS101 / 플라잉폼 - 하이퍼 백팩 (D/BLACK),159000,https://image.msscdn.net/images/goods_img/20241204/4649302/4649302_17386306480229_500.jpg,0
4649303,뉴발란스,NBGCFSS101 / 플라잉폼 - 하이퍼 백팩 (CREAM),159000,https://image.msscdn.net/images/goods_img/20241204/4649303/4649303_17386305755990_500.jpg,0
4782069,뉴발란스,NBNAF2W122 / WOMEN 트랙 우븐자켓 (BURGUNDY),159000,https://image.msscdn.net/images/goods_img/20250212/4782069/4782069_17397521259173_500.jpg,0
4352057,미즈노,WAVE RIDER 10_D1GA247103,159000,https://image.msscdn.net/images/goods_img/20240821/4352057/4352057_17242127148837_500.jpg,0
4629379,브룩스러닝,(여성) 글리세린 21 GTS (미디움) - 코코넛 / 1204091B195,158990,https://image.msscdn.net/images/goods_img/20241121/4629379/4629379_17327723206852_500.jpg,20
4425981,리,폴라플리스 집업 자켓 블랙,51350,https://image.msscdn.net/images/goods_img/20240910/4425981/4425981_17261156335045_500.jpg,35
4356848,무신사 스탠다드,신세틱 레더 오버사이즈 블루종 재킷 [블랙],77890,https://image.msscdn.net/images/goods_img/20240822/4356848/4356848_17308518687145_500.jpg,35
4381624,스켈리웩,스윙 벌룬핏 데님[인디고],48000,https://image.msscdn.net/images/goods_img/20240828/4381624/4381624_17254452850948_500.jpg,27
4433335,커스텀어클락,플레인 라운드 헤비 니트 풀오버 11COLOR COOSKT067,37200,https://image.msscdn.net/images/goods_img/20240911/4433335/4433335_17315504877701_500.jpg,40
4356835,무신사 스탠다드,후디드 올라운드 패딩 재킷 [블랙],49890,https://image.msscdn.net/images/goods_img/20240822/4356835/4356835_17314822412053_500.jpg,50
4358136,아디다스,3S 와이드 레그 팬츠 - 블랙 / IY7255,75990,https://image.msscdn.net/images/goods_img/20240822/4358136/4358136_17246496180520_500.jpg,30
4447570,아디다스,BB 트랙 팬츠 - 라이트그레이:그린 / JD5262,75990,https://image.msscdn.net/images/goods_img/20240920/4447570/4447570_17271602717999_500.jpg,30
4517755,음,사이드 버튼스냅 벌룬와이드 스웨트팬츠 3COLOR,49800,https://image.msscdn.net/images/goods_img/20241015/4517755/4517755_17289586292720_500.jpg,29
4210278,무신사 스탠다드 우먼,우먼즈 레플리카 퍼티그 팬츠 [베이지],30690,https://image.msscdn.net/images/goods_img/20240620/4210278/4210278_17313926648325_500.jpg,30
4423958,캉골,프리마로프트 칼라 자켓 8542 카키,153300,https://image.msscdn.net/images/goods_img/20240910/4423958/4423958_17273313538748_500.jpg,30
4738250,썸웨어버터,Loli Tote Bag - 3Color,80100,https://image.msscdn.net/images/goods_img/20250122/4738250/4738250_17394363337765_500.jpg,10
4834998,어나더 오피스,Maverick Denim Jacket (Mid Blue),265500,https://image.msscdn.net/images/goods_img/20250226/4834998/4834998_17406501228984_500.jpg,10
4763017,플리즈노팔로우,Aletta Shirring Football Short Top (Turquoise Navy),75050,https://image.msscdn.net/images/goods_img/20250206/4763017/4763017_17388159612210_500.jpg,5
4397034,제너럴아이디어,GNRL 에센셜 가디건 [2PACK] / WBD3L04503,75000,https://image.msscdn.net/images/goods_img/20240903/4397034/4397034_17253315182425_500.jpg,56
4764492,세컨모놀로그,에어플로우 와플 트랙 자켓 [BEIGE]_SEJK022BEIGE,69300,https://image.msscdn.net/images/goods_img/20250206/4764492/4764492_17391467390842_500.jpg,36
4772676,노스페이스,NM2DR20A 빅샷 에어_BLACK,152100,https://image.msscdn.net/images/goods_img/20250210/4772676/4772676_17391709252073_500.jpg,10
4785131,나이스고스트클럽,FFATS CHECK BALLOON LAYERED SKIRT PANTS_CHARCOAL(NG2FSUPA90A),152100,https://image.msscdn.net/images/goods_img/20250213/4785131/4785131_17394136115262_500.jpg,10
